house,description
Gryffindor,"courage, bravery, nerve, and chivalry."
Slytherin,founder highly valued and favoured pure-blood students
Slytherin,"Severus Snape and The Bloody Baron held abiding but unreturned feelings for Lily Evans and Helena Ravenclaw, respectively."
Slytherin,well-known reputation for creating dark witches and wizards
Slytherin,"For instance, when given the choice, we will always choose to save our own necks"
Slytherin,"cunning - very crafty and sneaky, rarely ever getting caught"
Slytherin,"resourceful - they may not have all the answers, but they know how to use what they have"
Slytherin,"a high sense of self-preservation, ends justify the means, power hungry"
Slytherin,The patron ghost of the house is the Bloody Baron.
Slytherin,pride and that sometimes makes them arrogant.
Slytherin,want to be in charge and they want to be leaders.
Ravenclaw,"Knowledge, creativity, intelligence, wisdom, and cleverness – those are the qualities of a Ravenclaw"
Ravenclaw,The smartest and most clever people can be found in this house. 
Ravenclaw,strive to do what is wise.
Ravenclaw,intelligent - their biggest trait
Ravenclaw,"good looks, provide the prettiest faces"
Ravenclaw,"cliques - they prefer to stay to themselves and study, rarely interacting with others during assignments"
Ravenclaw,Arrogant - they look down on others on occasion since they are attractive and have good grades
Ravenclaw,"their mascot is an eagle, and the colors are blue and brown/bronze/black depending on the medium"
Ravenclaw,"common room is in a tower, and their password is answering a riddle"
Ravenclaw,points hourglass contains blue sapphires.
Ravenclaw,the House colours were chosen; blue and bronze represent the sky and eagle feathers respectively
Ravenclaw,"learning, wisdom, wit, and intellect in its members."
Ravenclaw,"they tended to side with Gryffindor in its rivalry with Slytherin, as did Hufflepuff house."
Ravenclaw,corresponds roughly to the element of air
Hufflepuff,most inclusive among the four houses
Hufflepuff,"valuing hard work, dedication, patience, loyalty, and fair play "
Hufflepuff,corresponds roughly to the element of earth
Hufflepuff,"House colours were chosen: yellow represented wheat, while black was emblematic of soil."
Hufflepuff,dormitory is a quite cosy and welcoming place
Hufflepuff,Their cheerful and friendly demeanour can probably account for this property of the House.
Hufflepuff,"benevolence -  They do the right thing because it's the right thing, not for glory or selfish reasons"
Hufflepuff,friendly - they don't have biases based on stereotypes like the other Houses
Hufflepuff,hard-working - they don't cheat or look for loop holes. Just good old fashioned work
Hufflepuff,lack of drive - they have a very low competitive nature. This hurts them when it comes to points.
Gryffindor,"he emblematic animal is a lion, and its colours are scarlet and gold."
Gryffindor,"Sir Nicholas de Mimsy-Porpington, also known as ""Nearly Headless Nick"" is the House ghost."
Gryffindor,corresponds roughly to the element of fire
Gryffindor, the colours scarlet and gold were chosen to represent the house
Gryffindor,scarlet representing the mane and tail and gold representing the coat
Gryffindor," its members are generally regarded as brave, though sometimes to the point of recklessness. "
Gryffindor,Gryffindors and Slytherins have shared a fierce house rivalry since their founders
Gryffindor,Members of other houses might have felt that Gryffindor received favouritism
Gryffindor,Common Room is located in one of the castle's towers (Gryffindor Tower)
Gryffindor,"Loyal, brave, courageous, daring, adventurous, chivalrous – those are the traits of a true Gryffindor. "
Gryffindor, fight for what is right and they are usually the ones at the head of the pack 
Gryffindor,have several other good qualities that often make them well-suited to other houses.
Gryffindor,"daring - even when they don't have all the information, they will be the first to jump to action."
Gryffindor,"They seek glory for the mere sake of getting glory, not money or academics or a position of power"
Gryffindor,athletic - tend to produce the best athletes as well as the best duelers.
Gryffindor,"popularity - due to their lack of restraint and athletic abilities, they tend to produce the most popular kids "
Gryffindor,chivalrous - they choose to do what's noble over what's lawfully right
Gryffindor,arrogance- Gryffindors break rules so often they get a high opinion of themselves.
Gryffindor,recklessness - having too much nerve can lead them to take risk in situations where they are not in control.
Gryffindor,"self-righteousness - Gryffindors tend to think their way of doing things is the best way to do things because they take the ""noble"" road"
Gryffindor,"an eye for an eye -  If they think a certain person deserves to be treated badly, they will do it. "
Gryffindor,"their element is fire. Fire is the element of passion, and symbolizes wild emotions and lack of restraint."
Gryffindor,"this is the house of most of the protagonists, and therefore meant to symbolize ""good"", at least in the beginning of the series"
Gryffindor,"The mascot is a lion, and the colors are red and gold"
Gryffindor,"on 7th floor, filled with big fireplaces and knight's armor"
Gryffindor,Their ghost is Nearly Headless Nick
Gryffindor,"brave, plucky, fearless"
Gryffindor,"valiant, valorous, intrepid"
Gryffindor,"heroic, lionhearted, manful"
Gryffindor,"bold, daring, daredevil, adventurous, audacious;"
Gryffindor,"manful, macho, bold, daring"
Gryffindor,"renown, fame, prestige, honor"
Gryffindor,"eminence, preeminence"
Gryffindor,"rash, careless, thoughtless, incautious, heedless, unheeding"
Gryffindor,"hasty, overhasty"
Gryffindor,"devil-may-care, hotheaded; irresponsible, wild, foolhardy, headlong"
Gryffindor,"overadventurous, over-venturesome, audacious, death-or-glory"
Gryffindor,"injudicious, mindless, negligent"
Gryffindor,"unconsidered, unthinking, indiscreet"
Hufflepuff,"faithful, truehearted, devoted"
Hufflepuff,"firm, stable, steady, unfailing, patriotic"
Hufflepuff,"self-effacing, self-deprecating, humble, unpretentious"
Hufflepuff,free from vanity
Ravenclaw,"intellect, mind, brain"
Ravenclaw,powers of reasoning
Ravenclaw,"acumen, wit"
Ravenclaw,"perceptiveness, perception, perspicaciousness, perspicacity"
Ravenclaw," penetration, discernment"
Ravenclaw,"brilliance, aptness, ability, giftedness, talent"
Gryffindor,"acclaim, acclamation"
Gryffindor,"celebrity, praise"
Gryffindor,"accolades, laurels"
Gryffindor,"recognition, notability"
Gryffindor,"repute, reputation"
Gryffindor,"precipitate, precipitous"
Gryffindor,"impetuous, impulsive"
Gryffindor,daredevil
Gryffindor,"adventurous, audacious, death-or-glory"
Hufflepuff,"dutiful, unchanging"
Hufflepuff,"dedicated, committed"
Hufflepuff,keeping one's light under a bushel
Slytherin,"artful, guileful"
Slytherin,"slippery, slick, manipulative"
Slytherin,"Machiavellian, deceptive, duplicitous"
Slytherin,"shrewd, astute, clever"
Slytherin,"ingenious, resourceful, inventive"
Slytherin,"imaginative, deft, adroit"
Slytherin,"haughty, conceited, hubristic"
Slytherin,"overbearing, pompous, high-handed"
Slytherin,"disdainful, contemptuous, imperious"
Slytherin,"lofty, lordly, snobbish, snobby"
Slytherin,"pretentious, affected"
Slytherin,"scornful, mocking, sneering, scoffing"
Slytherin,"high and mighty, uppity, snooty"
Gryffindor,"knight errantry, the knightly code, knighthood"
Gryffindor,"knightliness, courtliness, nobility"
Gryffindor,magnanimity
Gryffindor,"bravery, courage, boldness"
Gryffindor,"valor, heroism, daring"
Gryffindor,"intrepidity, honor"
Gryffindor,"integrity, high-mindedness"
Gryffindor,"justice, justness, fairness"
Gryffindor,"loyalty, constancy"
Gryffindor,"trueness, truthfulness, virtuousness"
Gryffindor,"strong, powerful, robust"
